id,university,program,website,deadline,notes
"1","Saint Louise University","PhD in Biomedical Engineering","https://catalog.slu.edu/colleges-schools/science-engineering/biomedical/biomedical-engineering-phd/#text","2025-12-01","no app fee"
"2","Boston University","PhD in Biomedical Engineering","https://www.bu.edu/eng/academics/explore-degree-programs/phd-in-biomedical-engineering/","2025-12-15",""
"3","Clemson University","PhD in Bioengineering","https://www.clemson.edu/degrees/bioengineering/grad","2026-01-15",""
"4","Illinois Institute of Technology","PhD in Biomedical Engineering","https://www.iit.edu/academics/programs/biomedical-engineering-phd","2026-01-15",""
"5","Tulane University","PhD in Biomedical Engineering","https://sse.tulane.edu/bme/phd-program","2026-01-05","no app fee"
"6","Case Western Reserve University","PhD in Biomedical Engineering","https://case.edu/programs/biomedical-engineering-phd","2025-12-01",""
"7","University of North Carolina","PhD in Biomedical Engineering","https://bme.unc.edu/graduate/doctor-of-philosophy/","2025-12-01","UNC Chapel Hill"
"8","University of Wisconsin-Madison","PhD in Biomedical Engineering","https://engineering.wisc.edu/programs/degrees/biomedical-engineering-phd/","2025-12-01",""
"9","University of Maine","PhD in Biomedical Engineering","https://gsbse.umaine.edu/programs/ph-d-biomedical-engineering/","2026-01-15",""
"10","Missouri S&T","PhD in Bioengineering","https://chbe.mst.edu/academicprograms/phd-bioeng/","2026-01-15","we will waive app fee through attend session, but we need test waive"
"11","Rutgers University","PhD in Biomedical Engineering","https://bme.rutgers.edu/doctoral-degree","2025-12-15",""
"12","University of Nebraska-Lincoln","PhD in Biomedical Engineering","https://graduate.unl.edu/academics/programs/BIOE-PHD/","2026-01-15",""
"13","UT Southwestern Medical Center","PhD in Biomedical Engineering","https://www.utsouthwestern.edu/education/graduate-school/programs/biomedical-engineering/","2025-12-01","no application fee, need test but still the best program"
"14","University of Texas Dallas","PhD in Biomedical Engineering","https://www.utdallas.edu/fact-sheets/ecs/phd-biomedical-engineering/#","2025-12-01",""
"15","University of Vermont","PhD in Biomedical Engineering","https://www.uvm.edu/cems/ebe/program/phd-biomedical-engineering","2026-01-15",""
"16","University of Texas Arlington","PhD in Biomedical Engineering","https://www.uta.edu/academics/programs/biomedical-engineering-phd","2026-02-01","need second check"
"17","Stevens Institute of Technology","PhD in Biomedical Engineering","https://www.stevens.edu/program/biomedical-engineering-phd","2026-01-15","we have waived the app fee 26/3/2025 '8AM'"
"18","University of Texas San Antonio","PhD in Biomedical Engineering","https://future.utsa.edu/programs/doctoral/biomedical-engineering#admissions","2026-01-15",""
"19","Arizona State University","PhD in Biomedical Engineering","https://degrees.apps.asu.edu/masters-phd/major/ASU00/ESBIOENPHD/biomedical-engineering-phd#admissionReq","2025-12-01",""
"20","University of New Hampshire","PhD in Bioengineering","https://gradschool.unh.edu/program/phd/bioengineering","2026-02-01",""
"21","MIT","PhD in Medical Engineering and Medical Physics","https://hst.mit.edu/applying-hst/applying-medical-engineering-and-medical-physics-memp-phd-program/phd-admissions-faq","2025-12-15",""
"22","Stanford University","PhD in Bioengineering","https://bioengineering.stanford.edu/","2025-12-01",""
"23","University of Michigan","PhD in Biomedical Engineering","https://grok.com/chat/82f2c7e9-b8a3-4cc0-b716-67b61f89b52b","2025-12-01",""
"24","Johns Hopkins University","PhD in Biomedical Engineering","https://www.bme.jhu.edu/","2025-12-01",""
"25","University of Pennsylvania","PhD in Bioengineering","https://be.seas.upenn.edu/","2025-12-01",""
"26","Penn State University","PhD in Biomedical Engineering","https://bulletins.psu.edu/graduate/programs/majors/biomedical-engineering/#studentaidtext","2025-12-15",""
"27","UC San Diego","PhD in Bioengineering","https://be.ucsd.edu/","2025-12-04",""
"28","Northwestern University","PhD in Biomedical Engineering","https://www.mccormick.northwestern.edu/biomedical/","2025-12-15",""
"29","Washington University in St. Louis","PhD in Biomedical Engineering","https://bme.wustl.edu/index.html","2025-12-15","not sure"
"30","University of Minnesota","PhD in Biomedical Engineering","https://cse.umn.edu/bme","2025-12-01","not sure"
"31","University of Washington","PhD in Bioengineering","https://bioe.uw.edu/","2025-12-01",""
"32","Arizona State University","PhD in Biomedical Engineering","https://degrees.apps.asu.edu/masters-phd/major/ASU00/ESBIOENPHD/biomedical-engineering-phd?init=false&nopassive=true","2025-12-01","not sure"
"33","Utah State University","PhD in Bioengineering","https://catalog.usu.edu/preview_program.php?catoid=40&poid=40135","2026-01-15",""
"34","Princeton University","PhD in Bioengineering","https://bioengineering.princeton.edu/graduate","2025-12-01",""
"35","University of Texas Austin","PhD in Biomedical Engineering","https://www.bme.utexas.edu/academics/graduate-program/phd-program","2025-12-01","not sure"
"36","Virginia Commonwealth University","PhD in Biomedical Engineering","https://egr.vcu.edu/departments/biomedical/academics/graduate/","2026-01-15","not sure"
"37","Indiana University","PhD in Biomedical Engineering","https://luddy.indianapolis.iu.edu/departments/biomedical-engineering/index.html","2026-01-15",""
"38","Worcester Polytechnic Institute","PhD in Biomedical Engineering","https://www.wpi.edu/academics/study/biomedical-engineering-phd","2026-01-15","not sure"
"39","University of Kansas","PhD in Bioengineering","https://bioengr.ku.edu/","2026-01-15",""
"40","University of Virginia","PhD in Biomedical Engineering","https://engineering.virginia.edu/department/biomedical-engineering/academics/graduate-programs/phd-biomedical-engineering","2025-12-15","no app fee"
"41","Tufts University","PhD in Biomedical Engineering","https://engineering.tufts.edu/bme/","2026-01-15",""
"42","Ohio State University","PhD in Biomedical Engineering","https://gpadmissions.osu.edu/programs/program.aspx?prog=0033","2025-11-30","not sure"
"43","University of Rochester","PhD in Biomedical Engineering","https://www.hajim.rochester.edu/bme/graduate/applicants.html","2025-12-15","not sure"
"44","Northeastern University","PhD in Bioengineering","https://phd.northeastern.edu/program/bioengineering/","2025-12-15","not sure"
"45","University of Delaware","PhD in Biomedical Engineering","https://bme.udel.edu/graduate/","2026-01-05","not sure"
"46","University of Maryland","PhD in Bioengineering","https://academiccatalog.umd.edu/graduate/programs/bioengineering-bioe/#admissionstext","2025-12-01","not sure"
"47","Rice University","PhD in Bioengineering","https://bioengineering.rice.edu/","2025-12-31","no app fee"
"48","Cornell University","PhD in Biomedical Engineering","https://www.bme.cornell.edu/bme","2025-12-01","not sure"
"49","Brown University","PhD in Biomedical Engineering","https://www.brown.edu/academics/ibeam/academics/graduate-program","2025-12-01",""
"50","George Mason University","PhD in Bioengineering","https://catalog.gmu.edu/colleges-schools/engineering-computing/engineering/bioengineering/bioengineering-phd/","2026-01-15","not sure"
"51","University of Connecticut","PhD in Biomedical Engineering","https://www.bme.uconn.edu/doctoral-degree-program-in-biomedical-engineering/","2026-01-01",""
"52","Lehigh University","PhD in Bioengineering","https://www2.lehigh.edu/academics/graduate-studies/bioengineering-phd","2026-01-15",""
"53","Vanderbilt University","PhD in Biomedical Engineering","https://engineering.vanderbilt.edu/departments/biomedical-engineering/graduate-programs/#doctor-of-philosophy","2025-12-15",""
"54","Rochester Institute of Technology","PhD in Biomedical and Chemical Engineering","https://www.rit.edu/study/biomedical-and-chemical-engineering-phd","2025-12-01","not sure"
"55","Binghamton University","PhD in Biomedical Engineering","https://www.binghamton.edu/biomedical-engineering/graduate/index.html","2026-01-15","not sure"
"56","Caltech","PhD in Medical Engineering","https://www.bbe.caltech.edu/academics/Biomedical-Engineering-Programs","2025-12-01","Apply Medical Eng."
"57","North Dakota State University","PhD in Biomedical Engineering","https://www.ndsu.edu/coe/future_students/biomedical_engineering/bme_ms_and_phd/","2026-01-15","maybe check app fee and English high acceptance"
"58","Purdue University","PhD in Biomedical Engineering","https://engineering.purdue.edu/BME/Academics/Graduate","2025-12-01","not sure"
"59","University at Buffalo","PhD in Biomedical Engineering","https://engineering.buffalo.edu/bme/education/doctoral-program.html","2025-12-01","not sure"
"60","Syracuse University","PhD in Bioengineering","https://ecs.syracuse.edu/academics/biomedical-and-chemical-engineering/programs/bioengineering-doctoral-program","2025-12-15","not sure"
"61","University of Texas at Austin","PhD in Biomedical Engineering","https://www.bme.utexas.edu/","2025-12-01","not sure"
"62","Howard University","PhD in Biomedical & Chemical Engineering","https://gs.howard.edu/biomedical-chemical-engineering-phd","2025-12-01","not sure"
"63","Yale University","PhD in Biomedical Engineering","https://gsas.yale.edu/programs-of-study/biomedical-engineering#admission-requirements","2025-12-15",""
"64","University of Central Florida","PhD in Biomedical Engineering","https://mae.ucf.edu/bmephd/","2025-12-01",""
"65","University of Mississippi","PhD in Biomedical Engineering","https://catalog.olemiss.edu/engineering/biomedical-engineering/phd-engr-sci/phd-biomed-e","2026-02-01","not sure"
"66","University of Memphis","PhD in Biomedical Engineering","https://catalog.memphis.edu/preview_program.php?catoid=9&poid=2174&returnto=219","2026-03-01","not sure, not recommended"
"67","Marquette University","PhD in Biomedical Engineering","https://www.marquette.edu/grad/programs-biomedical-engineering.php","2026-01-15",""
"68","Florida International University","PhD in Biomedical Engineering","https://bme.fiu.edu/academics/degrees/","2026-03-01",""
"69","University of Dayton","PhD in Bioengineering","https://udayton.edu/engineering/departments/chemical_and_materials/bioengineering/index.php","2026-01-15","Master but no app fee"
"70","NJIT University","PhD in Biomedical Engineering","https://www.njit.edu/academics/major/biomedical-engineering","2025-12-01","App fee use GR25"
"71","Georgia Tech & Emory University","PhD in Biomedical Engineering","https://bme.gatech.edu/bme/georgia-tech-emory-bme-phd-program","2025-12-01","joint program"
"72","Columbia University","PhD in Biomedical Engineering","https://www.bme.columbia.edu/doctoral-program","2025-12-15","scholarship: https://worldprojects.columbia.edu/application-information"
"73","University of Kentucky","PhD in Biomedical Engineering","https://www.uky.edu/academics/masters-doctoral/pigman-college-engineering/biomedical-engineering-graduate","2026-01-15",""
"74","University of Pittsburgh","PhD in Bioengineering","https://www.engineering.pitt.edu/departments/bioengineering/programs/graduate/graduate-overview/?","2025-12-01",""
"75","University of Colorado","PhD in Biomedical Engineering","https://www.colorado.edu/bme/","2025-12-01",""
"76","University of Utah","PhD in Biomedical Engineering","https://www.bme.utah.edu/","2025-12-15",""
"77","University of Houston","PhD in Biomedical Engineering","https://www.bme.uh.edu/","2025-12-15",""
"78","Carnegie Mellon University","PhD in Biomedical Engineering","https://www.cmu.edu/bme/index.html","2025-12-15","appfee waived session 7 august"
"79","University of Louisville","PhD in Bioengineering","https://engineering.louisville.edu/academics/departments/bioengineering/","2026-01-15",""
"80","University of Idaho","PhD in Bioengineering","https://www.uidaho.edu/engr/departments/chbe/degrees/be/phd","2026-02-01",""
"81","Drexel University","PhD in Biomedical Engineering","","2025-12-01",""
"82","Rensselaer Polytechnic Institute","PhD in Biomedical Engineering","https://bme.rpi.edu/graduate","2026-01-01","appfee waived 2 august"
"83","Clarkson University","PhD in Bioscience and Technology","https://www.clarkson.edu/academics/majors-minors/bioscience-technology-phd","2026-01-15","no app fee"
"84","Virginia Tech","PhD in Biomedical Engineering","https://www.vt.edu/academics/majors/biomedical-engineering.html","2025-12-01",""
"85","Marquette University","PhD in Biomedical Engineering","https://www.marquette.edu/grad/programs-biomedical-engineering.php","2026-01-15",""
"86","University of Tennessee","PhD in Biomedical Engineering","https://tickle.utk.edu/biomedical/","2025-12-15",""